sample,Carrier,Ecosystem,Plant,Animal,Zoonotic
AA2018s016,Plastisphere,Freshwater,22501,44850,25661
AA2018s017,Plastisphere,Freshwater,27056,48714,29115
AA2018s018,Plastisphere,Freshwater,23140,42726,25616
AA2018s019,Plastisphere,Freshwater,22645,45392,26276
AA2018s020,Plastisphere,Freshwater,24026,44425,25904
AA2018s021,Plastisphere,Freshwater,80095,97592,82952
AA2018s022,Plastisphere,Freshwater,80609,97834,89567
AA2018s023,Plastisphere,Freshwater,34049,50330,34451
AA2018s024,Plastisphere,Freshwater,36365,52882,36445
AA2018s025,Environment,Freshwater,66522,84659,70267
AA2018s026,Environment,Freshwater,65039,88442,66398
AA2018s027,Environment,Freshwater,60755,85523,70261
AA2018s028,Environment,Freshwater,18711,51601,13611
AA2018s029,Environment,Freshwater,20525,50762,14559
AA2018s030,Environment,Freshwater,18343,53135,12557
De2019s019,Plastisphere,Seawater,8391,13761,84515
De2019s023,Plastisphere,Seawater,43499,56607,48944
DH2018s001,Plastisphere,Seawater,26475,49163,40825
DH2018s003,Environment,Seawater,4045,55642,11597
DH2018s004,Plastisphere,Seawater,19104,42857,30894
DH2018s005,Plastisphere,Seawater,46011,69301,65121
DH2018s006,Plastisphere,Seawater,50221,74725,68887
DH2018s007,Plastisphere,Seawater,21999,70095,50083
DH2018s008,Environment,Seawater,4139,55664,9997
DH2018s010,Plastisphere,Seawater,25419,41574,35321
DH2018s012,Environment,Seawater,4223,56769,15004
DH2018s013,Plastisphere,Seawater,63950,79147,66662
DH2018s016,Plastisphere,Seawater,27956,48163,38256
DH2018s017,Environment,Seawater,8394,63448,13668
DM2018s007,Plastisphere,Seawater,8280,86901,63824
DM2018s010,Plastisphere,Seawater,19400,63984,28625
DM2018s021,Plastisphere,Seawater,17544,42499,24723
DM2018s023,Plastisphere,Seawater,14019,44580,20243
DM2018s028,Plastisphere,Seawater,9906,46524,12939
DM2018s031,Plastisphere,Seawater,1962,45058,2385
DM2018s033,Plastisphere,Seawater,31155,62420,37123
DM2018s034,Plastisphere,Seawater,7129,31488,11621
DM2018s036,Plastisphere,Seawater,12602,67598,24945
DM2018s037,Plastisphere,Seawater,23618,90693,81375
DM2018s038,Plastisphere,Seawater,40017,75879,36795
DM2018s042,Plastisphere,Seawater,33903,51932,39115
DM2018s045,Plastisphere,Seawater,10225,50991,18150
DM2018s051,Plastisphere,Seawater,7125,55909,9725
DM2018s053,Plastisphere,Seawater,22583,62645,25593
DM2018s054,Plastisphere,Seawater,27263,59020,34681
DM2018s057,Plastisphere,Seawater,10469,65516,28127
DM2018s063,Plastisphere,Seawater,25147,78462,56959
DM2018s064,Plastisphere,Seawater,30079,87136,40556
DM2018s065,Plastisphere,Seawater,42885,70745,49300
DM2018s070,Plastisphere,Seawater,3184,95697,5734
DM2018s071,Plastisphere,Seawater,50812,81010,63159
DM2018s074,Plastisphere,Seawater,8499,66924,16252
DM2018s077,Plastisphere,Seawater,65379,85261,69996
DM2018s078,Plastisphere,Seawater,21771,56547,28793
DM2018s081,Plastisphere,Seawater,24073,85265,74820
DM2018s083,Plastisphere,Seawater,47697,72918,46382
DM2018s089,Plastisphere,Seawater,29777,50142,35399
DM2018s096,Plastisphere,Seawater,6656,21393,11214
DM2018s099,Plastisphere,Seawater,35589,82955,42624
DM2018s112,Plastisphere,Seawater,41942,78189,44957
DM2018s115,Plastisphere,Seawater,18720,77577,45398
DM2018s118,Plastisphere,Seawater,21515,58489,35861
DM2018s119,Plastisphere,Seawater,27961,63050,36384
DM2018s124,Plastisphere,Seawater,17062,65362,29680
DM2018s131,Plastisphere,Seawater,14845,50911,24559
DM2018s133,Plastisphere,Seawater,28381,53021,41725
DM2018s138,Plastisphere,Seawater,16477,45998,34845
DM2018s139,Plastisphere,Seawater,28670,65853,52187
DM2018s140,Plastisphere,Seawater,19990,50306,35765
DM2018s142,Plastisphere,Seawater,20210,56252,40016
DM2018s144,Plastisphere,Seawater,45694,73382,48724
DM2018s149,Plastisphere,Seawater,67359,92577,76118
DT2015s001,Environment,Seawater,10737,65707,9117
DT2015s002,Environment,Seawater,9963,66026,8528
DT2015s003,Environment,Seawater,8578,60515,8136
DT2015s004,Environment,Seawater,8726,59633,7992
DT2015s005,Environment,Seawater,12343,67111,8340
DT2015s006,Environment,Seawater,11537,68829,7848
DT2015s007,Environment,Seawater,10255,69367,7574
DT2015s008,Environment,Seawater,10665,66704,7137
DT2015s009,Environment,Seawater,11126,64640,8390
DT2015s010,Environment,Seawater,11232,61794,8704
DT2015s011,Environment,Seawater,11587,64476,8303
DT2015s012,Environment,Seawater,12473,62562,8528
DT2015s031,Environment,Seawater,3577,32835,6193
DT2015s032,Environment,Seawater,3899,33296,6909
DT2015s033,Environment,Seawater,3065,32104,5051
DT2015s034,Environment,Seawater,3389,33550,5297
DT2015s035,Environment,Seawater,5175,29767,6022
DT2015s036,Environment,Seawater,3220,22996,3746
DT2015s037,Environment,Seawater,3298,23766,4091
DT2015s038,Environment,Seawater,3557,27367,5012
DT2015s039,Environment,Seawater,4942,38812,6022
DT2015s040,Environment,Seawater,3341,32098,5207
DT2015s041,Environment,Seawater,3140,32650,4797
DT2015s042,Environment,Seawater,4146,36580,8318
DT2015s043,Environment,Seawater,3882,29273,5183
DT2015s044,Environment,Seawater,3641,27824,4996
DT2015s045,Environment,Seawater,4151,30068,5534
DT2015s046,Environment,Seawater,5424,35830,5141
DT2015s047,Environment,Seawater,4242,30443,8085
DT2015s048,Environment,Seawater,5169,31198,7135
DT2015s049,Environment,Seawater,4932,29504,7385
DT2015s050,Environment,Seawater,4862,31008,6317
DT2015s051,Environment,Seawater,6907,43291,7462
DT2015s052,Environment,Seawater,7322,40878,7002
DT2015s053,Environment,Seawater,7192,42604,7808
DT2015s054,Environment,Seawater,5570,38241,6977
DT2015s058,Environment,Seawater,6560,37608,5295
DT2015s059,Environment,Seawater,4264,32741,5080
DT2015s060,Environment,Seawater,4617,31743,5276
DT2015s061,Environment,Seawater,4584,34664,9584
DT2015s062,Environment,Seawater,4931,34380,5273
DT2015s063,Environment,Seawater,3966,30846,5519
DT2015s064,Environment,Seawater,5073,41155,5402
DT2015s065,Environment,Seawater,4914,41656,6724
DT2015s066,Environment,Seawater,4271,40390,4570
DT2015s071,Environment,Seawater,6673,55019,8095
DT2015s072,Environment,Seawater,7027,57411,7988
DT2015s073,Environment,Seawater,7920,54643,9363
DT2015s074,Environment,Seawater,8733,55707,9707
DT2015s075,Environment,Seawater,4262,41000,6368
DT2015s076,Environment,Seawater,6336,45660,7179
DT2015s077,Environment,Seawater,5042,39255,7435
DT2015s078,Environment,Seawater,5182,36291,6676
DT2015s079,Environment,Seawater,6165,45889,8166
DT2015s080,Environment,Seawater,6819,47353,8594
DT2015s081,Environment,Seawater,4841,43062,7013
DT2015s082,Environment,Seawater,4256,38661,8319
DT2015s083,Environment,Seawater,5768,40318,7616
DT2015s084,Environment,Seawater,5848,42750,8375
DT2015s085,Environment,Seawater,6304,39361,8020
DT2015s092,Plastisphere,Seawater,14961,75143,19807
DT2015s094,Plastisphere,Seawater,7551,31849,11321
DT2015s099,Plastisphere,Seawater,10933,39144,15874
DT2015s100,Plastisphere,Seawater,4114,17671,8305
DT2015s104,Plastisphere,Seawater,6160,48166,10569
DT2015s106,Plastisphere,Seawater,2976,44860,6019
DT2015s110,Plastisphere,Seawater,18757,45759,23232
DT2015s111,Plastisphere,Seawater,21151,39610,25015
EC2019s001,Environment,Seawater,5379,36931,12054
EC2019s002,Environment,Seawater,5098,36719,11388
EC2019s005,Environment,Seawater,5484,36025,11856
EC2019s006,Environment,Seawater,5427,39298,13042
EC2019s016,Plastisphere,Seawater,21268,35388,27883
EC2019s023,Plastisphere,Seawater,17309,30687,23993
EC2019s034,Plastisphere,Seawater,15227,25608,19567
EC2019s037,Plastisphere,Seawater,17524,32860,25509
EC2019s038,Plastisphere,Seawater,14856,61066,22878
EC2019s040,Environment,Seawater,8002,54964,21175
EC2019s042,Plastisphere,Seawater,10188,63383,17617
ERR4232623,Plastisphere,Terrestrial,41109,66040,56893
ERR4232624,Plastisphere,Terrestrial,47226,69155,59352
ERR4232625,Environment,Terrestrial,42640,62547,52800
ERR4232626,Environment,Terrestrial,45053,65436,55475
ERR4232627,Environment,Terrestrial,38739,56604,49647
ERR4232628,Environment,Terrestrial,39660,57284,49541
ERR4232629,Plastisphere,Terrestrial,52890,64824,57004
ERR4232630,Plastisphere,Terrestrial,51900,63524,55364
ERR4232631,Environment,Terrestrial,40048,56473,46746
ERR4232632,Environment,Terrestrial,34155,49555,41471
ERR4232633,Environment,Terrestrial,37252,54096,45398
ERR4232634,Environment,Terrestrial,33411,50644,41926
ERR4232635,Plastisphere,Terrestrial,45384,63280,52843
ERR4232636,Plastisphere,Terrestrial,49559,68799,59410
ERR4232637,Plastisphere,Terrestrial,50689,69545,60237
ERR4232638,Plastisphere,Terrestrial,53120,78952,63859
ERR4232639,Plastisphere,Terrestrial,53866,79754,64948
ERR4232640,Plastisphere,Terrestrial,48611,67434,57601
ERR4232641,Plastisphere,Terrestrial,48511,67082,57227
ERR4232642,Plastisphere,Terrestrial,61181,83204,72766
ERR4232643,Plastisphere,Terrestrial,62752,84763,74725
ERR4232644,Plastisphere,Terrestrial,50932,66321,61680
ERR4232645,Plastisphere,Terrestrial,50353,65360,60735
ERR4232646,Plastisphere,Terrestrial,49297,66325,59856
ERR4232647,Plastisphere,Terrestrial,49211,66376,59986
Es2019s006,Plastisphere,Terrestrial,42630,67157,54487
Es2019s007,Plastisphere,Terrestrial,46405,54243,50188
Es2019s009,Plastisphere,Terrestrial,29877,46510,38201
Es2019s010,Plastisphere,Terrestrial,33177,56051,39927
Es2019s016,Plastisphere,Terrestrial,39581,63874,51405
Es2019s017,Plastisphere,Terrestrial,30283,47239,32704
Es2019s018,Plastisphere,Terrestrial,20572,37241,30132
Es2019s019,Plastisphere,Terrestrial,50635,68305,49449
Es2019s020,Plastisphere,Terrestrial,47187,68447,44458
Es2019s026,Plastisphere,Terrestrial,30190,76742,60081
Es2019s027,Plastisphere,Terrestrial,18113,31017,21566
Es2019s028,Plastisphere,Terrestrial,43047,60610,50930
Es2019s029,Plastisphere,Terrestrial,18423,28605,20059
Es2019s030,Plastisphere,Terrestrial,41178,71443,46336
Es2019s036,Plastisphere,Terrestrial,32315,57551,34336
Es2019s037,Plastisphere,Terrestrial,29669,40965,33300
Es2019s038,Plastisphere,Terrestrial,48683,50941,48933
Es2019s039,Plastisphere,Terrestrial,29441,44784,31943
Es2019s040,Plastisphere,Terrestrial,35308,60546,40315
Fr2018s002,Plastisphere,Seawater,17414,54995,19581
Fr2018s004,Plastisphere,Seawater,30214,69039,46776
Fr2018s009,Plastisphere,Seawater,55334,86049,57729
Fr2018s013,Plastisphere,Seawater,24510,60862,31729
Fr2018s015,Plastisphere,Seawater,22310,60245,29330
Fr2018s016,Plastisphere,Seawater,28072,60678,38284
Fr2018s018,Plastisphere,Seawater,12061,40916,18125
Fr2018s020,Plastisphere,Seawater,71834,81005,72990
Fr2018s024,Plastisphere,Seawater,19076,45791,20617
Fr2018s027,Plastisphere,Seawater,29490,79667,30603
Fr2018s034,Environment,Seawater,34270,81022,42387
Fr2018s035,Environment,Seawater,23018,82451,32926
Fr2018s036,Environment,Seawater,24547,81285,31464
Fr2018s037,Environment,Seawater,5305,67801,20056
Fr2018s038,Environment,Seawater,5332,69335,16972
Fr2018s039,Environment,Seawater,5025,69409,18790
Fr2018s043,Plastisphere,Seawater,17333,49642,14510
Fr2018s044,Plastisphere,Seawater,34594,75135,52819
Fr2018s046,Plastisphere,Seawater,15073,36293,17727
Fr2018s051,Plastisphere,Seawater,34400,65771,48670
Fr2018s052,Plastisphere,Seawater,25890,62182,35546
Fr2018s053,Plastisphere,Seawater,32586,71430,49824
Fr2018s055,Plastisphere,Seawater,23173,52732,24065
Fr2018s056,Plastisphere,Seawater,36152,48548,40928
Fr2018s058,Plastisphere,Seawater,19866,50780,26098
Fr2018s060,Plastisphere,Seawater,29854,59163,42829
Fr2018s068,Plastisphere,Seawater,39423,82698,63790
Fr2018s070,Environment,Seawater,7384,63259,21940
Fr2018s071,Environment,Seawater,3483,73125,14409
Fr2018s072,Environment,Seawater,7859,59350,19483
Fr2018s076,Environment,Seawater,3518,66949,8013
Fr2018s077,Environment,Seawater,2559,74552,5838
Fr2018s078,Environment,Seawater,2264,73605,4493
FW1,Environment,Freshwater,40741,52877,37974
FW10,Environment,Freshwater,47960,62852,40263
FW11,Environment,Freshwater,53584,72439,51103
FW12,Environment,Freshwater,46564,67972,43058
FW13,Environment,Freshwater,32320,54012,33021
FW14,Environment,Freshwater,45306,63314,39449
FW15,Environment,Freshwater,44919,64151,38813
FW16,Environment,Freshwater,39927,59991,39730
FW17,Environment,Freshwater,41034,63308,42474
FW18,Environment,Freshwater,44959,62374,41873
FW2,Environment,Freshwater,38827,53113,35849
FW3,Environment,Freshwater,41349,55623,37614
FW4,Environment,Freshwater,41310,55761,37519
FW5,Environment,Freshwater,36929,56089,33893
FW6,Environment,Freshwater,29276,50060,27741
FW7,Environment,Freshwater,46991,69316,40840
FW8,Environment,Freshwater,46021,64752,40988
FW9,Environment,Freshwater,50955,72487,43078
Ho2014s012,Plastisphere,Freshwater,47040,73804,47760
Ho2014s013,Plastisphere,Freshwater,24206,53737,43856
Ho2014s014,Plastisphere,Freshwater,20243,45932,37068
Ho2014s023,Plastisphere,Freshwater,40820,65512,47325
Ho2014s024,Plastisphere,Freshwater,43073,60273,41987
Ho2014s039,Plastisphere,Freshwater,79142,97783,95974
Ho2014s043,Plastisphere,Freshwater,64870,76477,70433
Ho2014s045,Plastisphere,Freshwater,75591,96735,94697
Ho2017s005,Plastisphere,Freshwater,63880,84949,58114
Ho2017s006,Plastisphere,Freshwater,61230,82719,56280
Ho2017s007,Plastisphere,Freshwater,55642,85344,49033
Ho2017s008,Plastisphere,Freshwater,52890,92886,53727
Ho2017s009,Environment,Freshwater,19642,27146,13690
Ho2017s010,Environment,Freshwater,23013,32724,18181
Ho2017s011,Environment,Freshwater,22888,35539,19947
Ho2017s012,Environment,Freshwater,23985,38841,22163
Ho2017s014,Environment,Freshwater,32322,47830,28141
Ho2017s015,Environment,Freshwater,35878,53289,32913
Ho2017s016,Environment,Freshwater,42324,60620,40248
Ho2017s017,Environment,Freshwater,42995,60828,41661
Ho2017s022,Plastisphere,Freshwater,35992,92112,34076
Ho2017s023,Plastisphere,Freshwater,26440,93577,26844
Ho2017s025,Plastisphere,Freshwater,35940,65354,38648
Ho2017s026,Plastisphere,Freshwater,50670,70422,48292
Ho2017s035,Environment,Freshwater,38879,53604,30557
Ho2017s046,Environment,Freshwater,35915,54002,25362
Ho2017s048,Environment,Freshwater,40438,56767,32504
Ho2017s049,Environment,Freshwater,38618,58594,29349
Ki2018s008,Plastisphere,Seawater,8739,28774,17626
Ki2018s010,Plastisphere,Seawater,10636,30893,20824
Ki2018s015,Plastisphere,Seawater,10131,28901,18172
Ki2018s017,Plastisphere,Seawater,9475,30151,19547
Ki2018s020,Plastisphere,Seawater,9289,28189,18065
Ki2018s021,Plastisphere,Seawater,12541,31222,22104
Ki2018s026,Plastisphere,Seawater,10570,33180,21411
Ki2018s028,Plastisphere,Seawater,9970,31680,19420
Ki2018s030,Plastisphere,Seawater,10793,33227,21530
Ki2018s031,Plastisphere,Seawater,11188,29625,19822
Ki2018s032,Plastisphere,Seawater,9022,31572,18214
Ki2018s033,Plastisphere,Seawater,10207,28841,18121
Ki2018s034,Plastisphere,Seawater,10441,33129,20442
Ki2018s035,Plastisphere,Seawater,11146,29590,19675
Ki2018s038,Plastisphere,Seawater,9862,29973,18447
Ki2018s040,Plastisphere,Seawater,9695,27715,17923
Ki2018s042,Plastisphere,Seawater,10313,33220,20545
Ki2018s043,Plastisphere,Seawater,9195,33325,20682
Ki2018s044,Plastisphere,Seawater,10864,33149,20158
Ki2018s046,Plastisphere,Seawater,11439,28865,19337
Ki2018s047,Plastisphere,Seawater,11435,35332,22164
Ki2018s050,Plastisphere,Seawater,11718,33211,21408
Ki2019s008,Plastisphere,Seawater,7857,29700,29217
Ki2019s011,Plastisphere,Seawater,5866,10337,9702
Ki2019s012,Plastisphere,Seawater,4606,8811,7615
Ki2019s017,Plastisphere,Seawater,28115,77947,77391
Ki2019s019,Plastisphere,Seawater,17820,70850,69780
Ki2019s020,Plastisphere,Seawater,20620,57974,57613
Ki2019s021,Plastisphere,Seawater,36868,53445,44065
Ki2019s022,Plastisphere,Seawater,36449,62518,49472
Ki2019s023,Plastisphere,Seawater,34100,53843,44178
Ki2019s025,Plastisphere,Seawater,34286,45770,39352
Ki2019s026,Plastisphere,Seawater,5175,80935,78697
Ki2019s033,Plastisphere,Seawater,51322,56645,85104
Ki2019s035,Plastisphere,Seawater,51955,56980,88085
Ki2019s037,Plastisphere,Seawater,51102,57661,57215
Ki2019s041,Plastisphere,Seawater,3803,14803,7604
Ki2019s042,Plastisphere,Seawater,7712,32195,14426
Ki2019s044,Plastisphere,Seawater,3723,15918,7270
Ki2019s045,Plastisphere,Seawater,3030,14882,4333
Ki2019s052,Plastisphere,Seawater,27952,50487,61195
Ki2019s056,Plastisphere,Seawater,6899,51065,49307
Ki2019s059,Plastisphere,Seawater,4918,78712,76143
MC2014s001,Environment,Freshwater,38340,66706,45432
MC2014s002,Environment,Freshwater,32772,64458,40885
MC2014s003,Environment,Freshwater,34862,64814,42154
MC2014s004,Environment,Freshwater,36379,71307,44796
MC2014s009,Plastisphere,Freshwater,52119,90049,56077
MC2014s010,Plastisphere,Freshwater,39347,62411,46071
MC2014s011,Plastisphere,Freshwater,51809,82465,60809
MC2014s012,Plastisphere,Freshwater,55208,85674,61040
MC2014s013,Environment,Freshwater,24097,46607,18101
MC2014s014,Environment,Freshwater,30994,45416,24997
MC2014s015,Environment,Freshwater,28122,44700,21171
MC2014s016,Environment,Freshwater,30318,46995,24736
MC2016s001,Environment,Freshwater,28354,44363,25109
MC2016s002,Environment,Freshwater,52355,72410,55030
MC2016s003,Environment,Freshwater,52158,70725,52310
MC2016s004,Environment,Freshwater,53838,72443,56885
MC2016s005,Environment,Freshwater,51500,72651,55790
MC2016s010,Plastisphere,Freshwater,68004,83206,67939
MC2016s012,Plastisphere,Freshwater,66679,86951,69410
MC2016s013,Plastisphere,Freshwater,77887,93986,86491
MC2016s015,Environment,Freshwater,34819,73069,26053
MC2016s016,Environment,Freshwater,32703,71884,25075
MC2016s017,Environment,Freshwater,35229,73140,26768
MC2016s018,Environment,Freshwater,31362,71761,24890
MC2016s019,Environment,Freshwater,38238,81479,30717
MC2016s020,Environment,Freshwater,38703,81086,29751
MC2016s021,Environment,Freshwater,32560,75979,31354
MC2016s023,Environment,Freshwater,34168,77098,32545
MC2016s028,Plastisphere,Freshwater,53349,79913,60223
MC2016s029,Plastisphere,Freshwater,38710,79325,66372
MC2016s030,Plastisphere,Freshwater,38732,80450,64821
MC2016s032,Environment,Freshwater,44066,95213,21964
MC2016s034,Environment,Freshwater,39900,93375,23163
MC2016s035,Environment,Freshwater,39893,91499,25270
MC2016s036,Environment,Freshwater,45771,77119,38998
MC2016s037,Environment,Freshwater,52351,90278,40654
MC2016s038,Environment,Freshwater,53172,92074,29353
MC2016s039,Environment,Freshwater,53793,90453,40151
MC2016s040,Environment,Freshwater,52039,75494,41753
MC2016s044,Plastisphere,Freshwater,77583,87591,74455
MC2016s046,Plastisphere,Freshwater,82951,93258,85391
MC2016s047,Plastisphere,Freshwater,29648,38817,25343
MC2016s048,Plastisphere,Freshwater,69090,71920,67674
MC2016s049,Plastisphere,Freshwater,48219,59327,29048
MC2016s050,Environment,Freshwater,38518,46521,29059
MC2016s051,Environment,Freshwater,39664,47683,29442
MC2016s052,Environment,Freshwater,46403,54089,35673
MC2016s053,Environment,Freshwater,50054,57720,38241
MC2016s054,Environment,Freshwater,59277,90389,61601
MC2016s055,Plastisphere,Freshwater,77701,88654,85129
MC2016s056,Environment,Freshwater,56879,90259,60808
MC2016s057,Environment,Freshwater,55611,89318,58759
MC2016s058,Environment,Freshwater,53315,86810,57243
MC2016s059,Plastisphere,Freshwater,76239,96418,77326
MC2016s061,Plastisphere,Freshwater,70867,86607,79913
MC2016s069,Environment,Freshwater,39222,69609,33928
MC2016s071,Environment,Freshwater,42744,74048,35751
MC2016s072,Environment,Freshwater,44593,72523,39076
MC2016s073,Environment,Freshwater,33308,48474,25700
MC2016s074,Environment,Freshwater,36701,67360,29173
MC2016s075,Environment,Freshwater,50984,79695,27432
MC2016s076,Environment,Freshwater,53641,79731,26956
MC2016s077,Environment,Freshwater,51828,81957,29505
MC2016s078,Environment,Freshwater,52606,80543,27933
MC2016s083,Plastisphere,Freshwater,76894,90537,72552
MC2016s084,Environment,Freshwater,35095,52734,27626
MC2016s085,Plastisphere,Freshwater,81010,91397,76624
MC2016s086,Plastisphere,Freshwater,57189,97151,53694
MC2016s087,Plastisphere,Freshwater,65184,91410,66287
MC2016s088,Environment,Freshwater,26969,56217,22681
MC2016s089,Environment,Freshwater,28365,57804,23308
MC2016s090,Environment,Freshwater,34138,60536,27378
MC2016s091,Environment,Freshwater,32699,59502,27400
MC2016s092,Environment,Freshwater,35854,60184,28634
MC2016s093,Environment,Freshwater,38940,60908,31476
MC2016s094,Environment,Freshwater,37163,64478,28475
MC2016s095,Environment,Freshwater,33826,49561,26241
MC2016s096,Environment,Freshwater,34850,60310,28148
MC2016s097,Environment,Freshwater,29330,38596,23974
MC2016s098,Environment,Freshwater,29576,40690,25635
MC2016s099,Environment,Freshwater,31129,42001,25924
MC2016s100,Environment,Freshwater,31972,42734,27576
MC2016s101,Environment,Freshwater,38746,61520,29017
MC2016s102,Environment,Freshwater,44157,60842,34549
MC2016s103,Environment,Freshwater,43034,64671,32707
MC2016s104,Environment,Freshwater,40780,64767,32241
MC2016s106,Environment,Freshwater,35711,52364,28498
MC2016s110,Plastisphere,Freshwater,68538,85593,62350
MC2016s111,Plastisphere,Freshwater,55250,95214,59104
MC2016s112,Plastisphere,Freshwater,54363,81634,72566
MC2016s113,Plastisphere,Freshwater,74289,91364,74638
MC2016s114,Environment,Freshwater,32077,69570,29401
MC2016s115,Environment,Freshwater,33308,70499,31278
MC2016s116,Environment,Freshwater,39782,42888,26978
MC2016s117,Environment,Freshwater,40374,43720,29178
MC2016s118,Environment,Freshwater,24962,28299,20061
MC2016s119,Environment,Freshwater,27236,30934,23214
MC2016s120,Environment,Freshwater,30528,34888,25788
MC2016s121,Environment,Freshwater,28243,33977,24689
MC2016s122,Environment,Freshwater,23034,27239,19966
MC2016s123,Environment,Freshwater,29933,70232,27624
MC2016s124,Environment,Freshwater,26776,31675,22968
MC2016s125,Environment,Freshwater,19642,27146,13690
MC2016s126,Environment,Freshwater,23013,32724,18181
MC2016s127,Environment,Freshwater,22888,35539,19947
MC2016s128,Environment,Freshwater,23985,38841,22163
MC2016s129,Environment,Freshwater,32322,47830,28141
MC2016s130,Environment,Freshwater,35878,53289,32913
MC2016s131,Environment,Freshwater,42324,60620,40248
MC2016s132,Environment,Freshwater,42995,60828,41661
MC2016s134,Environment,Freshwater,30252,69825,28416
MC2016s138,Plastisphere,Freshwater,35992,92112,34076
MC2016s139,Plastisphere,Freshwater,26440,93577,26844
MC2016s140,Plastisphere,Freshwater,35940,65354,38648
MC2016s141,Plastisphere,Freshwater,50670,70422,48292
MC2016s142,Environment,Freshwater,31431,47656,27452
MC2016s143,Environment,Freshwater,29489,43919,25762
MC2016s144,Environment,Freshwater,30483,46890,25564
MFW1,Plastisphere,Freshwater,42707,83518,66924
MFW10,Plastisphere,Freshwater,52339,74559,62269
MFW11,Plastisphere,Freshwater,36405,76082,55751
MFW12,Plastisphere,Freshwater,35234,68658,54412
MFW13,Plastisphere,Freshwater,42332,66141,55584
MFW14,Plastisphere,Freshwater,42816,65763,54739
MFW15,Plastisphere,Freshwater,45206,64736,55041
MFW16,Plastisphere,Freshwater,41434,62046,51811
MFW17,Plastisphere,Freshwater,44462,67294,54849
MFW18,Plastisphere,Freshwater,32399,65026,45078
MFW2,Plastisphere,Freshwater,21452,51084,58515
MFW3,Plastisphere,Freshwater,22110,76342,65615
MFW4,Plastisphere,Freshwater,32508,79116,63111
MFW5,Plastisphere,Freshwater,36785,69457,56925
MFW6,Plastisphere,Freshwater,37402,69028,54777
MFW7,Plastisphere,Freshwater,46848,78751,66257
MFW8,Plastisphere,Freshwater,78562,91603,81790
MFW9,Plastisphere,Freshwater,71515,83257,71580
MSW10,Plastisphere,Seawater,25476,58013,36884
MSW15,Plastisphere,Seawater,24675,60553,32291
MSW16,Plastisphere,Seawater,38672,72843,54257
MSW2,Plastisphere,Seawater,26950,80862,69086
MSW5,Plastisphere,Seawater,87461,94600,90984
MSW7,Plastisphere,Seawater,27118,49009,38494
Ob2016s001,Plastisphere,Seawater,36652,68770,41858
Ob2016s003,Plastisphere,Seawater,2810,37230,19075
Ob2016s005,Plastisphere,Seawater,6877,35737,9168
Ob2016s007,Plastisphere,Seawater,7374,48121,9019
Ob2016s010,Plastisphere,Seawater,10642,36718,12408
Ob2016s013,Plastisphere,Seawater,41389,73201,43652
Ob2016s022,Plastisphere,Seawater,5273,16907,4590
Ob2016s023,Plastisphere,Seawater,6875,23751,6356
Ob2016s027,Plastisphere,Seawater,5593,28525,9383
Ob2016s032,Environment,Seawater,10601,32421,14039
Ob2016s033,Environment,Seawater,21843,54640,32321
Ob2016s034,Environment,Seawater,13688,46084,19503
Ob2016s036,Environment,Seawater,6418,30229,12284
Ob2016s037,Environment,Seawater,7484,31757,13480
Ob2016s038,Environment,Seawater,8132,30952,17395
Ob2016s039,Environment,Seawater,7590,30113,16737
Ob2016s041,Environment,Seawater,4648,24823,8830
Ob2016s042,Environment,Seawater,6566,31979,15095
Ob2016s043,Environment,Seawater,7548,34478,16426
Ob2016s046,Plastisphere,Seawater,7564,63444,8064
Ob2016s068,Plastisphere,Seawater,16051,51780,26516
Ob2016s079,Plastisphere,Seawater,56278,81081,61268
Og2018s001,Environment,Seawater,45750,65389,48895
Og2018s003,Plastisphere,Seawater,53642,67221,55630
Og2018s004,Plastisphere,Seawater,53907,65121,43336
Og2018s005,Plastisphere,Seawater,48644,61996,54111
Og2018s006,Plastisphere,Seawater,42861,56258,49631
Og2018s007,Plastisphere,Seawater,64691,80543,73307
Og2018s010,Plastisphere,Seawater,54364,72298,60249
Og2018s012,Plastisphere,Seawater,49117,77241,66720
Pa2019s002,Plastisphere,Freshwater,90300,94826,91853
Pa2019s010,Plastisphere,Freshwater,90109,98985,90177
Pa2019s014,Plastisphere,Freshwater,77038,99265,86027
Pa2019s019,Plastisphere,Freshwater,87645,96417,92251
Pa2019s020,Environment,Freshwater,47936,86014,29669
Pa2019s022,Environment,Freshwater,37016,92192,27008
Pa2019s023,Plastisphere,Freshwater,87728,94037,90251
Pa2019s025,Plastisphere,Freshwater,91085,95424,89819
Pa2019s028,Plastisphere,Freshwater,70248,98983,88372
Pa2019s030,Plastisphere,Freshwater,83130,99021,85696
Pi2019s001,Plastisphere,Seawater,11176,36797,19018
Pi2019s006,Plastisphere,Seawater,14626,49278,23165
Pi2019s011,Plastisphere,Seawater,12337,41903,16880
Pi2019s012,Plastisphere,Seawater,8810,45358,29833
Pi2019s016,Plastisphere,Seawater,10883,45735,24520
Pi2019s017,Plastisphere,Seawater,15328,48253,27049
Pi2019s020,Plastisphere,Seawater,5354,18420,11382
Pi2019s024,Plastisphere,Seawater,17745,66157,36688
Pi2019s027,Environment,Seawater,2115,32766,4306
Pi2019s029,Plastisphere,Seawater,7617,22326,12099
Pi2019s031,Plastisphere,Seawater,19099,46979,23565
Pi2019s032,Plastisphere,Seawater,9803,47437,18525
Pi2019s036,Plastisphere,Seawater,19446,44886,25145
Pi2019s040,Environment,Seawater,3517,33390,6311
Pi2019s042,Environment,Seawater,1769,27208,3539
Pi2019s043,Environment,Seawater,2695,48351,4939
Pi2019s046,Plastisphere,Seawater,20957,69649,36358
Pi2019s048,Plastisphere,Seawater,28108,42814,32420
Pi2019s053,Plastisphere,Seawater,16093,49101,24454
Pi2019s054,Plastisphere,Seawater,8858,36603,15958
Pi2019s058,Plastisphere,Seawater,17670,50834,21531
Pi2019s059,Plastisphere,Seawater,8674,83845,72845
Pi2019s060,Environment,Seawater,4094,33896,7506
Pi2019s064,Plastisphere,Seawater,11096,51841,17264
Pi2019s067,Plastisphere,Seawater,18056,50091,25840
Pi2019s069,Plastisphere,Seawater,9712,37330,15757
Pi2019s071,Plastisphere,Seawater,19098,44466,25587
Pi2019s072,Plastisphere,Seawater,8723,29068,18913
Pi2019s073,Plastisphere,Seawater,17749,46684,23365
Po2018s001,Plastisphere,Seawater,34309,74109,38920
Po2018s007,Plastisphere,Seawater,21749,58479,25673
Po2018s009,Plastisphere,Seawater,22985,47284,23227
Po2018s010,Plastisphere,Seawater,19224,40639,20508
Po2018s012,Plastisphere,Seawater,25424,52009,27650
Po2018s014,Plastisphere,Seawater,15664,36906,17016
Po2018s018,Plastisphere,Seawater,13067,39525,15927
Po2018s019,Plastisphere,Seawater,18121,43495,19965
SRR11047820,Plastisphere,Freshwater,67068,90734,78770
SRR11047821,Plastisphere,Freshwater,72992,93442,80031
SRR11047822,Plastisphere,Freshwater,65199,80155,65630
SRR11047823,Plastisphere,Freshwater,78248,96177,88782
SRR11047824,Environment,Freshwater,46104,55881,38327
SRR11047825,Plastisphere,Freshwater,20522,24217,16638
SRR11047826,Plastisphere,Freshwater,44093,79002,52136
SRR11047827,Plastisphere,Freshwater,51989,74323,60371
SRR11047828,Plastisphere,Freshwater,57937,81463,62573
SRR11047829,Plastisphere,Freshwater,33658,79867,46118
SRR11047830,Plastisphere,Freshwater,69146,91511,85976
SRR11047831,Plastisphere,Freshwater,37980,98879,45566
SRR11047832,Plastisphere,Freshwater,58208,77402,69308
SRR11047833,Environment,Freshwater,75555,84264,58940
SRR11047834,Plastisphere,Freshwater,69687,92230,74298
SRR11047835,Plastisphere,Freshwater,50213,61467,47671
SRR11047836,Plastisphere,Freshwater,42330,74766,49685
SRR11047837,Plastisphere,Freshwater,62814,78004,69023
SRR11047838,Plastisphere,Freshwater,47794,87826,46895
SRR11047839,Plastisphere,Freshwater,47882,77713,62468
SRR11047840,Environment,Freshwater,47301,78377,43923
SRR11047841,Plastisphere,Freshwater,53973,77526,67000
SRR11047842,Plastisphere,Freshwater,79978,95263,84245
SRR11047843,Plastisphere,Freshwater,66049,84330,70412
SRR11047844,Plastisphere,Freshwater,77075,86756,81775
SRR11047845,Plastisphere,Freshwater,62059,95150,83101
SRR11047846,Plastisphere,Freshwater,37332,44124,36865
SRR11047847,Plastisphere,Freshwater,66600,82583,65511
SRR11047848,Environment,Freshwater,34369,61997,21890
SRR11047849,Plastisphere,Freshwater,68999,95958,73715
SRR11047850,Plastisphere,Freshwater,68878,86124,64513
SRR11047851,Plastisphere,Freshwater,47688,91636,68652
SRR11047852,Environment,Freshwater,33644,41564,29990
SRR11047853,Plastisphere,Freshwater,44962,72931,48066
SRR11047854,Plastisphere,Freshwater,56943,72180,69045
SRR11047855,Plastisphere,Freshwater,50386,87108,71619
SRR11047856,Environment,Freshwater,30675,38742,28149
SRR11047857,Plastisphere,Freshwater,42148,53319,45049
SRR11047858,Environment,Freshwater,17749,37389,16815
SRR11851974,Environment,Terrestrial,9059,42667,15972
SRR11851975,Plastisphere,Terrestrial,10852,40810,16596
SRR11851978,Plastisphere,Terrestrial,10087,41698,17202
SRR11851989,Plastisphere,Terrestrial,9644,43140,16842
SRR11852000,Plastisphere,Terrestrial,28979,56379,35352
SRR11852011,Plastisphere,Terrestrial,21274,50314,26282
SRR11852016,Environment,Terrestrial,13357,22830,11605
SRR11852017,Environment,Terrestrial,13667,23241,11464
SRR11852018,Environment,Terrestrial,13880,22570,12106
SRR11852019,Environment,Terrestrial,15379,24814,12831
SRR11852020,Environment,Terrestrial,15223,23999,12803
SRR11852021,Environment,Terrestrial,14899,25452,12939
SRR11852022,Plastisphere,Terrestrial,24653,56050,30808
SRR11852023,Environment,Terrestrial,15170,24894,13736
SRR11852024,Environment,Terrestrial,19280,32754,16709
SRR11852025,Environment,Terrestrial,18857,28264,16006
SRR11852026,Plastisphere,Terrestrial,22160,34082,25331
SRR11852027,Plastisphere,Terrestrial,20936,31718,23991
SRR11852028,Plastisphere,Terrestrial,27212,40771,32135
SRR11852029,Plastisphere,Terrestrial,39654,60029,46626
SRR11852030,Plastisphere,Terrestrial,25756,40679,28710
SRR11852031,Plastisphere,Terrestrial,30750,46846,34275
SRR11852032,Plastisphere,Terrestrial,28899,52502,40002
SRR11852033,Plastisphere,Terrestrial,31887,70138,43017
SRR11852034,Plastisphere,Terrestrial,37254,54154,44216
SRR11852035,Plastisphere,Terrestrial,42634,66975,57818
SRR11852036,Environment,Terrestrial,8806,45810,18595
SRR11852037,Environment,Terrestrial,11107,44517,20156
SRR11852038,Environment,Terrestrial,8895,42564,15596
SRR11852039,Environment,Terrestrial,13043,49114,23908
SRR11852040,Environment,Terrestrial,12882,46808,21994
SRR11852041,Environment,Terrestrial,12760,47471,22282
SRR11852042,Environment,Terrestrial,14294,47436,21734
SRR11852043,Environment,Terrestrial,8989,41329,17204
SRR11852044,Plastisphere,Terrestrial,28618,72904,40344
SRR11852045,Plastisphere,Terrestrial,27782,63409,37596
SRR12113442,Environment,Terrestrial,37296,35818,28528
SRR12113443,Environment,Terrestrial,35139,51791,38732
SRR12113444,Environment,Terrestrial,35900,53205,39609
SRR12113445,Environment,Terrestrial,34563,52138,38280
SRR12113446,Environment,Terrestrial,36040,52260,39410
SRR12113447,Environment,Terrestrial,33494,50260,36992
SRR12113448,Environment,Terrestrial,24180,43077,27436
SRR12113449,Environment,Terrestrial,21673,38273,24437
SRR12113450,Environment,Terrestrial,24311,41895,27523
SRR12113451,Environment,Terrestrial,24510,41642,27477
SRR12113452,Environment,Terrestrial,23627,40949,26731
SRR12113453,Environment,Terrestrial,39167,36519,28950
SRR12113454,Environment,Terrestrial,17805,32704,20126
SRR12113455,Environment,Terrestrial,18313,32503,20182
SRR12113456,Environment,Terrestrial,16482,30921,18509
SRR12113457,Environment,Terrestrial,15384,29419,17351
SRR12113458,Environment,Terrestrial,17062,31782,19218
SRR12113459,Environment,Terrestrial,18173,33396,20177
SRR12113460,Environment,Terrestrial,16948,31048,18828
SRR12113461,Environment,Terrestrial,18187,33092,20254
SRR12113462,Environment,Terrestrial,17229,32094,19430
SRR12113463,Environment,Terrestrial,17936,33195,20250
SRR12113464,Environment,Terrestrial,37331,35090,27972
SRR12113465,Environment,Terrestrial,33074,40065,34436
SRR12113466,Environment,Terrestrial,35077,42877,36502
SRR12113467,Environment,Terrestrial,33638,41849,35517
SRR12113468,Environment,Terrestrial,34709,42951,36370
SRR12113469,Environment,Terrestrial,37754,45926,39256
SRR12113470,Environment,Terrestrial,19628,34366,23534
SRR12113471,Environment,Terrestrial,18836,32613,22461
SRR12113472,Environment,Terrestrial,22704,37781,27017
SRR12113473,Environment,Terrestrial,19626,34703,24200
SRR12113474,Environment,Terrestrial,22691,36486,26698
SRR12113475,Environment,Terrestrial,27817,34983,28165
SRR12113476,Plastisphere,Terrestrial,23931,33787,24671
SRR12113477,Plastisphere,Terrestrial,23740,33008,23324
SRR12113478,Plastisphere,Terrestrial,24708,34576,24442
SRR12113479,Plastisphere,Terrestrial,22307,32883,23063
SRR12113480,Plastisphere,Terrestrial,21360,32025,22778
SRR12113481,Plastisphere,Terrestrial,32976,43662,33843
SRR12113482,Plastisphere,Terrestrial,24131,36042,25032
SRR12113483,Plastisphere,Terrestrial,23761,37454,25086
SRR12113484,Plastisphere,Terrestrial,27946,39624,29112
SRR12113485,Plastisphere,Terrestrial,24125,37477,25565
SRR12113486,Environment,Terrestrial,34959,37179,30277
SRR12113487,Plastisphere,Terrestrial,40752,52473,37519
SRR12113488,Plastisphere,Terrestrial,39611,51171,33167
SRR12113489,Plastisphere,Terrestrial,42606,54939,38434
SRR12113490,Plastisphere,Terrestrial,35638,48177,33361
SRR12113491,Plastisphere,Terrestrial,42941,54289,37874
SRR12113492,Plastisphere,Terrestrial,62714,79569,40664
SRR12113493,Plastisphere,Terrestrial,58014,76038,30655
SRR12113494,Plastisphere,Terrestrial,68138,83448,30269
SRR12113495,Plastisphere,Terrestrial,54038,72152,31110
SRR12113496,Plastisphere,Terrestrial,58959,78691,35362
SRR12113497,Environment,Terrestrial,30293,40996,28551
SRR12113498,Plastisphere,Terrestrial,34089,43039,35101
SRR12113499,Plastisphere,Terrestrial,35860,46486,38133
SRR12113500,Plastisphere,Terrestrial,32462,43034,33726
SRR12113501,Plastisphere,Terrestrial,34290,46442,37034
SRR12113502,Plastisphere,Terrestrial,37156,62786,57888
SRR12113503,Plastisphere,Terrestrial,70887,74810,67250
SRR12113504,Plastisphere,Terrestrial,79214,78858,72140
SRR12113505,Plastisphere,Terrestrial,86183,84033,78269
SRR12113506,Plastisphere,Terrestrial,80478,83072,76286
SRR12113507,Plastisphere,Terrestrial,80971,84453,78318
SRR12113508,Environment,Terrestrial,27788,38669,26357
SRR12113509,Environment,Terrestrial,29503,47488,33417
SRR12113510,Environment,Terrestrial,29780,48016,33562
SRR12113511,Environment,Terrestrial,27283,46691,31011
SRR12113512,Environment,Terrestrial,25873,44278,28755
SRR12113513,Environment,Terrestrial,27876,46317,31083
SRR12113514,Environment,Terrestrial,26558,44021,30103
SRR12113515,Environment,Terrestrial,27461,43625,30819
SRR12113516,Environment,Terrestrial,30399,45309,32795
SRR12113517,Environment,Terrestrial,28440,43405,30791
SRR12113518,Environment,Terrestrial,27886,44312,31346
SRR12113519,Environment,Terrestrial,25966,37372,26023
SRR12113520,Environment,Terrestrial,24050,39090,25555
SRR12113521,Environment,Terrestrial,22598,36368,23603
SRR12113522,Environment,Terrestrial,22412,36795,24063
SRR12113523,Environment,Terrestrial,20786,34400,21838
SRR12113524,Environment,Terrestrial,21774,35523,23194
SRR12113525,Environment,Terrestrial,30088,43937,28169
SRR12113526,Environment,Terrestrial,27184,40522,25644
SRR12113527,Environment,Terrestrial,29350,43466,29249
SRR12113528,Environment,Terrestrial,28154,42380,28244
SRR12113529,Environment,Terrestrial,24481,37796,24818
SRR12113530,Environment,Terrestrial,27534,37109,24533
SRR12113531,Environment,Terrestrial,29823,35614,23032
SRR12665822,Plastisphere,Seawater,25622,53661,27339
SRR12665825,Plastisphere,Seawater,38622,78690,38471
SRR12665826,Plastisphere,Seawater,28131,37906,22648
SRR12665828,Plastisphere,Seawater,26758,53235,28108
SRR12665829,Environment,Seawater,18287,73758,20380
SRR12665830,Plastisphere,Seawater,41260,69935,41027
SRR12665831,Plastisphere,Seawater,42343,82164,39696
SRR12665835,Plastisphere,Seawater,24039,46452,37692
SRR12665839,Plastisphere,Seawater,24994,54705,45683
SRR12665840,Plastisphere,Seawater,27682,58218,27366
SRR12665841,Plastisphere,Seawater,32496,66247,35262
SRR12665842,Plastisphere,Seawater,43237,69473,40233
SRR12665845,Plastisphere,Seawater,43259,69635,40603
SRR12665846,Plastisphere,Seawater,17124,59340,39751
SRR12665847,Plastisphere,Seawater,51080,68700,48011
SRR12665849,Plastisphere,Seawater,45971,71828,42925
SRR12665850,Plastisphere,Seawater,11835,36113,22142
SRR12665851,Plastisphere,Seawater,25372,53391,25834
SRR12665852,Plastisphere,Seawater,16936,33388,22440
SRR12665854,Environment,Seawater,17681,47184,27102
SRR12665856,Plastisphere,Seawater,52570,74176,53025
SRR12665857,Plastisphere,Seawater,16786,41557,27479
SRR12665861,Environment,Seawater,14439,69071,14061
SRR12665865,Plastisphere,Seawater,47966,72357,50192
SRR12665866,Plastisphere,Seawater,33140,64142,36275
SRR12665868,Plastisphere,Seawater,16716,42218,27561
SRR12665869,Environment,Seawater,17250,76584,19087
SRR12665872,Plastisphere,Seawater,24862,53323,42525
SRR12665873,Plastisphere,Seawater,31160,52045,33218
SRR12665875,Environment,Seawater,15573,68004,14385
SRR12665877,Plastisphere,Seawater,45593,74193,44987
SRR12665880,Plastisphere,Seawater,11694,36681,21902
SRR12665887,Plastisphere,Seawater,48080,82620,46905
SRR12665892,Plastisphere,Seawater,32831,60592,36646
SRR12665899,Plastisphere,Seawater,17601,34744,23787
SRR12665903,Plastisphere,Seawater,21692,39031,28366
SRR12665908,Plastisphere,Seawater,22507,43391,31885
SRR12665910,Plastisphere,Seawater,28361,75101,27816
SRR12665914,Plastisphere,Seawater,22254,53974,32361
SRR12665919,Plastisphere,Seawater,16613,48816,33713
SRR12665922,Environment,Seawater,15390,45098,25545
SRR12665925,Plastisphere,Seawater,40941,80663,42114
SRR12665926,Environment,Seawater,17480,65553,15458
SRR12665927,Plastisphere,Seawater,39203,82971,39767
SRR12665929,Plastisphere,Seawater,38445,65134,46219
SRR12665933,Environment,Seawater,23621,69948,26335
SRR12665935,Environment,Seawater,18319,52529,28710
SRR12665938,Plastisphere,Seawater,14403,41008,24241
SRR12665939,Plastisphere,Seawater,40637,81074,40713
SRR12665940,Plastisphere,Seawater,13669,37632,21665
SRR12665941,Plastisphere,Seawater,46532,69849,42382
SRR13253293,Environment,Seawater,37117,99920,95535
SRR13253295,Environment,Seawater,38149,99845,94506
SRR13253296,Plastisphere,Seawater,52302,99854,95071
SRR13253297,Environment,Seawater,50365,99959,97713
SRR13253298,Plastisphere,Seawater,43780,99917,95548
SRR13253299,Environment,Seawater,36959,99899,98384
SRR13253300,Environment,Seawater,21807,87221,34507
SRR13253301,Environment,Seawater,23128,89956,40984
SRR14207129,Plastisphere,Seawater,8830,50905,16134
SRR14207130,Plastisphere,Seawater,9087,62663,33968
SRR14207131,Plastisphere,Seawater,7438,46296,12780
SRR14207133,Plastisphere,Seawater,13462,39011,27631
SRR14207135,Plastisphere,Seawater,19413,44829,27996
SRR14207138,Plastisphere,Seawater,8315,46338,14101
SRR14207144,Plastisphere,Seawater,13314,33906,37327
SRR14207145,Plastisphere,Seawater,9559,34943,15890
SRR14207157,Plastisphere,Seawater,15943,37805,19420
SRR14207159,Plastisphere,Seawater,9847,39659,14753
SRR14312224,Plastisphere,Seawater,24215,52702,31119
SRR14312225,Plastisphere,Seawater,43324,56755,51188
SRR14312227,Plastisphere,Freshwater,43744,57607,48786
SRR14312229,Plastisphere,Seawater,21520,39682,33983
SRR14312230,Plastisphere,Freshwater,31350,66231,61844
SRR14312232,Plastisphere,Seawater,24947,66728,44358
SRR14312233,Plastisphere,Seawater,27785,76060,33369
SRR14312234,Plastisphere,Seawater,15122,56088,26117
SRR14312235,Plastisphere,Seawater,33912,65879,29063
SRR14312239,Plastisphere,Seawater,13843,58630,38154
SRR14312244,Plastisphere,Seawater,21785,55152,37774
SRR14312246,Plastisphere,Seawater,13278,82173,61383
SRR14312247,Plastisphere,Seawater,4680,89453,23502
SRR14312249,Plastisphere,Seawater,17357,65718,48952
SRR14312250,Plastisphere,Seawater,16839,82189,60889
SRR14312256,Plastisphere,Seawater,14629,53705,38096
SRR14312257,Plastisphere,Seawater,12587,47744,23140
SRR14312258,Plastisphere,Seawater,31653,64442,37769
SRR14312259,Plastisphere,Seawater,11505,45141,23257
SRR14312260,Plastisphere,Seawater,14321,43035,27831
SRR14312264,Plastisphere,Seawater,7087,93638,10501
SRR14312272,Plastisphere,Seawater,17242,57629,38150
SRR14312276,Plastisphere,Seawater,10763,76828,24701
SRR14312278,Plastisphere,Seawater,15508,47899,29457
SRR14312283,Plastisphere,Seawater,16717,27715,24082
SRR14312286,Plastisphere,Seawater,20142,37596,29927
SRR14312287,Plastisphere,Seawater,9681,49664,37257
SRR14312288,Plastisphere,Seawater,11712,33174,15891
SRR14312289,Plastisphere,Seawater,26656,52174,40933
SRR14312290,Plastisphere,Seawater,8620,41667,17312
SRR14312294,Plastisphere,Seawater,57782,94924,81302
SRR14312295,Plastisphere,Seawater,10208,51804,35060
SRR14312296,Plastisphere,Seawater,23799,72861,51829
SRR14312300,Plastisphere,Seawater,17888,55139,32810
SRR14312302,Plastisphere,Seawater,24829,80287,36043
SRR14312303,Plastisphere,Seawater,15459,58203,34338
SRR14312305,Plastisphere,Seawater,24208,59384,43243
SRR14312306,Plastisphere,Seawater,23968,71660,30705
SRR14312307,Plastisphere,Seawater,13947,42828,27018
SRR14312310,Plastisphere,Seawater,15756,42219,26034
SRR14312312,Plastisphere,Seawater,22247,58665,43163
SRR16188616,Environment,Terrestrial,56493,41815,33633
SRR16188617,Environment,Terrestrial,53373,49267,38807
SRR16188618,Environment,Terrestrial,46653,41657,27864
SRR16188619,Environment,Terrestrial,59512,45063,38215
SRR16188620,Environment,Terrestrial,66496,50294,41916
SRR16188621,Environment,Terrestrial,66183,47773,38881
SRR16188622,Environment,Terrestrial,59908,45736,38089
SRR16188623,Environment,Terrestrial,59979,34351,27246
SRR16188624,Plastisphere,Terrestrial,89792,91539,88849
SRR16188625,Environment,Terrestrial,57419,46150,38280
SRR16188626,Environment,Terrestrial,55532,48743,41434
SRR16188627,Environment,Terrestrial,51986,43102,36020
SRR16188628,Environment,Terrestrial,52833,43793,37768
SRR16188629,Environment,Terrestrial,56460,48416,38930
SRR16188630,Environment,Terrestrial,64871,54271,47250
SRR16188631,Environment,Terrestrial,62731,56373,48652
SRR16188632,Environment,Terrestrial,63914,57826,51038
SRR16188633,Environment,Terrestrial,68070,66311,57669
SRR16188634,Environment,Terrestrial,51799,52127,40647
SRR16188636,Environment,Terrestrial,32428,34007,26768
SRR16188637,Environment,Terrestrial,35206,33099,25600
SRR16188638,Environment,Terrestrial,51713,45829,39236
SRR16188639,Environment,Terrestrial,48411,41992,35000
SRR16188640,Environment,Terrestrial,36596,35417,27664
SRR16188641,Environment,Terrestrial,41420,33669,26826
SRR16188642,Environment,Terrestrial,49896,43486,36647
SRR16188643,Environment,Terrestrial,44347,34876,27408
SRR16188644,Environment,Terrestrial,33506,33667,26121
SRR16188645,Environment,Terrestrial,38741,37947,28903
SRR16188646,Plastisphere,Terrestrial,70224,75972,69663
SRR16188647,Environment,Terrestrial,44526,46720,37130
SRR16188648,Environment,Terrestrial,42481,43495,32891
SRR16188649,Environment,Terrestrial,41852,39546,28126
SRR16188650,Environment,Terrestrial,53529,49445,38368
SRR16188651,Environment,Terrestrial,44558,44150,33319
SRR16188652,Environment,Terrestrial,35037,40360,28438
SRR16188653,Environment,Terrestrial,34535,35991,26213
SRR16188654,Environment,Terrestrial,40355,38731,28206
SRR16188655,Environment,Terrestrial,41605,42188,31892
SRR16188656,Environment,Terrestrial,32168,33702,23655
SRR16188657,Plastisphere,Terrestrial,76386,89314,82041
SRR16188658,Plastisphere,Terrestrial,60237,83361,69814
SRR16188659,Plastisphere,Terrestrial,91217,94654,92539
SRR16188660,Plastisphere,Terrestrial,95783,96507,95145
SRR16188661,Plastisphere,Terrestrial,62914,85765,77007
SRR16188662,Plastisphere,Terrestrial,55729,82004,69652
SRR16188663,Plastisphere,Terrestrial,53003,72152,60845
SRR16188664,Plastisphere,Terrestrial,66092,80323,70620
SRR16188665,Plastisphere,Terrestrial,57828,76721,67934
SRR16188666,Plastisphere,Terrestrial,67818,80865,69254
SRR16188668,Plastisphere,Terrestrial,69725,82554,74630
SRR16188669,Plastisphere,Terrestrial,78326,84770,85189
SRR16188670,Plastisphere,Terrestrial,77153,80312,76348
SRR16188672,Plastisphere,Terrestrial,82260,83897,80656
SRR16188673,Plastisphere,Terrestrial,84170,87318,88592
SRR16188674,Plastisphere,Terrestrial,67337,81898,82464
SRR16188675,Plastisphere,Terrestrial,81107,85951,82580
SRR16188677,Plastisphere,Terrestrial,76329,85200,89305
SRR16188678,Plastisphere,Terrestrial,76929,87759,81537
SRR16188680,Plastisphere,Terrestrial,69115,85201,76450
SRR16188682,Plastisphere,Terrestrial,69891,84386,76866
SRR16188683,Plastisphere,Terrestrial,76468,88942,83148
SRR16188684,Plastisphere,Terrestrial,74872,80011,80970
SRR16188685,Plastisphere,Terrestrial,59333,78607,68353
SRR16188686,Plastisphere,Terrestrial,68113,87301,74353
SRR16188689,Plastisphere,Terrestrial,63523,77624,66885
SRR16188690,Environment,Terrestrial,61610,43422,37281
SRR16188691,Environment,Terrestrial,56553,35260,28222
SRR16188693,Plastisphere,Terrestrial,58141,80210,69208
SRR16188721,Plastisphere,Terrestrial,17888,57768,23260
SRR16188722,Plastisphere,Terrestrial,23690,56985,25981
SRR16188725,Environment,Terrestrial,16394,24945,16548
SRR16188726,Environment,Terrestrial,20905,30233,21834
SRR16188727,Environment,Terrestrial,14084,21787,14327
SRR16188728,Environment,Terrestrial,19930,29538,21284
SRR16188729,Environment,Terrestrial,14002,21157,14744
SRR16188730,Plastisphere,Terrestrial,63299,77849,63848
SRR16188736,Plastisphere,Terrestrial,25594,55926,26768
SRR16188737,Plastisphere,Terrestrial,28771,71500,56607
SRR16188739,Plastisphere,Terrestrial,24873,62128,27952
SRR16188740,Plastisphere,Terrestrial,28859,53301,33453
SRR16188741,Plastisphere,Terrestrial,62601,76923,63001
SRR16188742,Plastisphere,Terrestrial,48865,71415,53813
SRR16188744,Plastisphere,Terrestrial,64755,74140,67920
SRR16188745,Environment,Terrestrial,13538,18998,13587
SRR16188746,Environment,Terrestrial,24951,35399,25653
SRR16188747,Environment,Terrestrial,17101,24691,17567
SRR16188748,Environment,Terrestrial,11278,19362,11417
SRR16188749,Environment,Terrestrial,15785,25832,16072
SRR16188751,Environment,Terrestrial,27305,48489,35402
SRR16188752,Environment,Terrestrial,21906,41184,28056
SRR16188753,Environment,Terrestrial,19172,41181,25127
SRR16188754,Environment,Terrestrial,34798,58019,45186
SRR16188755,Environment,Terrestrial,21174,42158,27784
SRR16188756,Environment,Terrestrial,15661,23072,17711
SRR16188757,Environment,Terrestrial,15850,23711,18483
SRR16188758,Environment,Terrestrial,17016,26152,18970
SRR16188759,Environment,Terrestrial,16489,25019,17448
SRR16188760,Environment,Terrestrial,15114,24309,16743
SRR16188761,Plastisphere,Terrestrial,55990,64316,59317
SRR16188763,Plastisphere,Terrestrial,80934,84636,81180
SRR16188764,Plastisphere,Terrestrial,83995,87531,84842
SRR16188765,Plastisphere,Terrestrial,85151,88064,83360
SRR16188767,Plastisphere,Terrestrial,81559,95104,86609
SRR16188768,Plastisphere,Terrestrial,65896,77977,69261
SRR16188769,Plastisphere,Terrestrial,59115,72037,62058
SRR16188770,Plastisphere,Terrestrial,91359,96794,94764
SRR16188772,Plastisphere,Terrestrial,47709,61489,51355
SRR16188773,Plastisphere,Terrestrial,83912,90614,87851
SRR16188774,Plastisphere,Terrestrial,63934,81849,78893
SRR16188775,Plastisphere,Terrestrial,45020,53198,47184
SRR16188776,Plastisphere,Terrestrial,83996,94148,93092
SRR16188778,Plastisphere,Terrestrial,72592,76381,72765
SRR16188780,Plastisphere,Terrestrial,79724,81972,80264
SRR16188781,Plastisphere,Terrestrial,82257,89616,83478
SRR16188782,Plastisphere,Terrestrial,66245,69789,66254
SRR16188783,Plastisphere,Terrestrial,74789,81473,78171
SRR16188785,Plastisphere,Terrestrial,50583,63861,59131
SRR16188786,Plastisphere,Terrestrial,55429,61432,57688
SRR16188787,Plastisphere,Terrestrial,64015,70503,65892
SRR16188788,Plastisphere,Terrestrial,66948,71235,67978
SRR16188789,Plastisphere,Terrestrial,55119,66348,56238
SRR16188790,Plastisphere,Terrestrial,67585,70701,69271
SRR16188793,Plastisphere,Terrestrial,66110,82956,67176
SRR16188796,Plastisphere,Terrestrial,77791,83253,77636
SRR16188797,Plastisphere,Terrestrial,79737,85012,81090
SRR16188800,Plastisphere,Terrestrial,71640,83685,73061
SRR16188802,Plastisphere,Terrestrial,58281,71533,62175
SRR16188803,Plastisphere,Terrestrial,67291,77073,68753
SRR16188805,Plastisphere,Terrestrial,80496,87841,82550
SRR16188806,Plastisphere,Terrestrial,71099,88828,73537
SRR16188807,Plastisphere,Terrestrial,82667,87564,84775
SRR16188809,Plastisphere,Terrestrial,84766,88210,86515
SRR16188810,Plastisphere,Terrestrial,66700,75699,70143
SRR16188811,Plastisphere,Terrestrial,77890,81249,78624
SRR16188812,Plastisphere,Terrestrial,79323,83727,80013
SRR16188813,Plastisphere,Terrestrial,82837,89519,85460
SRR16188814,Plastisphere,Terrestrial,73224,80007,73791
SRR16188815,Plastisphere,Terrestrial,76312,81274,77272
SRR16188816,Plastisphere,Terrestrial,72110,91179,73903
SW1,Environment,Seawater,19660,49661,18081
SW10,Environment,Seawater,25862,55782,23704
SW11,Environment,Seawater,26095,59448,24224
SW12,Environment,Seawater,37549,73894,40922
SW13,Environment,Seawater,24353,55223,24666
SW14,Environment,Seawater,21946,52154,21536
SW15,Environment,Seawater,28037,54949,27469
SW16,Environment,Seawater,31287,67736,33648
SW17,Environment,Seawater,32939,64818,40111
SW18,Environment,Seawater,23246,55736,23667
SW2,Environment,Seawater,19796,45522,18918
SW3,Environment,Seawater,21795,47330,21031
SW4,Environment,Seawater,37202,58412,37848
SW5,Environment,Seawater,35420,56996,35056
SW6,Environment,Seawater,33049,55961,32178
SW7,Environment,Seawater,21556,50331,20670
SW8,Environment,Seawater,21521,49178,20387
SW9,Environment,Seawater,39696,64254,38799
Sy2019s003,Plastisphere,Seawater,84321,90071,89417
Sy2019s004,Plastisphere,Seawater,21955,31736,73136
Sy2019s005,Plastisphere,Seawater,16721,38855,36241
Sy2019s009,Plastisphere,Seawater,7694,25053,17267
SyPE2017s003,Plastisphere,Seawater,21997,41258,47046
SyPE2017s005,Plastisphere,Seawater,47790,74824,77167
SyPE2017s007,Plastisphere,Seawater,22842,59177,58567
SyPE2017s009,Plastisphere,Seawater,18014,56866,42686
SyPS2017s003,Plastisphere,Seawater,26573,56697,69042
SyPS2017s006,Plastisphere,Seawater,22508,53113,71662
SyPS2017s010,Plastisphere,Seawater,54418,65084,51516
Wu2019s001,Environment,Freshwater,75746,79927,69077
Wu2019s002,Environment,Freshwater,51136,70639,47974
Wu2019s003,Environment,Freshwater,66737,72129,60530
Wu2019s004,Environment,Freshwater,67961,76206,61350
Wu2019s005,Environment,Freshwater,73894,78325,67265
Wu2019s011,Environment,Freshwater,68156,72965,61961
Wu2019s012,Environment,Freshwater,76745,79799,70818
Wu2019s013,Environment,Freshwater,73402,76975,67338
Wu2019s014,Environment,Freshwater,81497,84861,76738
Wu2019s015,Environment,Freshwater,79237,82220,73773
Wu2019s016,Plastisphere,Freshwater,72801,84760,78351
Wu2019s020,Plastisphere,Freshwater,76309,86092,81200
Wu2019s021,Plastisphere,Freshwater,73056,84150,78410
Wu2019s022,Plastisphere,Freshwater,73366,84396,78691
Wu2019s023,Plastisphere,Freshwater,73504,84523,78810
Xu2019s001,Plastisphere,Seawater,65270,94996,80023
Xu2019s002,Plastisphere,Seawater,81184,96318,90728
Xu2019s003,Plastisphere,Seawater,24586,50621,34194
Xu2019s009,Plastisphere,Seawater,78637,94111,82600
Xu2019s011,Plastisphere,Seawater,35308,88515,69786
Xu2019s012,Plastisphere,Seawater,28223,70402,36291
Xu2019s013,Plastisphere,Seawater,25170,71228,56663
Xu2019s015,Environment,Seawater,67070,89733,72112
Xu2019s016,Environment,Seawater,9842,61754,12520
Xu2019s021,Plastisphere,Seawater,29337,86300,38507
Zh2019s002,Plastisphere,Terrestrial,38527,52787,42401
Zh2019s003,Plastisphere,Terrestrial,34299,58124,40557
Zh2019s007,Plastisphere,Terrestrial,53026,72079,60625
Zh2019s008,Plastisphere,Terrestrial,81809,93057,83703
Zh2019s009,Plastisphere,Terrestrial,51030,66571,58369
Zh2019s010,Plastisphere,Terrestrial,45612,63963,51518
Zh2019s011,Environment,Terrestrial,83108,95578,87263
Zh2019s012,Environment,Terrestrial,57490,75644,60589
